{
  "actorSpecification": 1,
  "name": "google-jobs-api-actor",
  "title": "Google Jobs API Actor",
  "description": "Searches for job listings using Google Jobs API via SearchAPI.io and filters results",
  "version": "0.1",
  "buildTag": "latest",
  "input": {
    "title": "Input schema for Google Jobs API Actor",
    "type": "object",
    "schemaVersion": 1,
    "properties": {
      "queries": {
        "title": "Search Queries",
        "type": "array",
        "description": "List of search queries to run",
        "editor": "stringList",
        "default": [
          "restaurant chefs united states",
          "restaurant managers united states",
          "hotel chefs united states",
          "hotel managers united states",
          "private chefs united states",
          "household chefs united states",
          "restaurant executives united states",
          "hotel executives united states"
        ]
      },
      "location": {
        "title": "Location",
        "type": "string",
        "description": "Optional location filter (e.g., 'New York')",
        "default": ""
      },
      "maxPagesPerQuery": {
        "title": "Max Pages Per Query",
        "type": "integer",
        "description": "Maximum number of pages to fetch per query",
        "default": 5,
        "minimum": 1,
        "maximum": 20
      },
      "saveToDataset": {
        "title": "Save to Dataset",
        "type": "boolean",
        "description": "Whether to save results to Apify dataset",
        "default": true
      },
      "pushToDatabase": {
        "title": "Push to Database",
        "type": "boolean",
        "description": "Whether to push results to external database",
        "default": false
      },
      "databaseUrl": {
        "title": "Database URL",
        "type": "string",
        "description": "URL of the external database (if pushing to database)",
        "default": "",
        "editor": "textfield"
      },
      "databaseTable": {
        "title": "Database Table",
        "type": "string",
        "description": "Name of the database table to insert jobs into",
        "default": "jobs"
      },
      "deduplicateJobs": {
        "title": "Deduplicate Jobs",
        "type": "boolean",
        "description": "Whether to check for and skip duplicate jobs when pushing to database",
        "default": true
      },
      "fullTimeOnly": {
        "title": "Full-Time Only",
        "type": "boolean",
        "description": "Whether to filter for full-time positions only",
        "default": true
      },
      "excludeFastFood": {
        "title": "Exclude Fast Food",
        "type": "boolean",
        "description": "Whether to exclude fast food restaurants",
        "default": true
      },
      "excludeRecruiters": {
        "title": "Exclude Recruiters",
        "type": "boolean",
        "description": "Whether to exclude recruiting agencies",
        "default": true
      }
    },
    "required": ["queries"]
  },
  "defaultRunOptions": {
    "memoryMbytes": 2048,
    "timeoutSecs": 7200
  },
  "environmentVariables": {
    "SEARCH_API_KEY": ""
  }
}
